{"parts":{"face":{"enable":true,"frameCount":1,"height":89,"hotlink_enable":false,"position":{"positionX":[{"index":74,"x":137.53,"y":-21.57},{"index":77,"x":294.32,"y":-21.25}],"positionY":[]},"positionRelationType":1,"positionType":1,"rotateCenter":[{"index":46,"x":215.71,"y":55.64}],"scale":{"scaleX":{"pointA":[{"index":74,"x":137.53,"y":-21.57}],"pointB":[{"index":77,"x":294.32,"y":-21.25}]},"scaleY":{"pointA":[],"pointB":[]}},"triggerDelay":0,"triggerLoop":0,"triggerStop":false,"triggerType":0,"width":427,"zPosition":0},"foreground":{"enable":true,"frameCount":20,"height":1334,"hotlink_enable":false,"position":{"positionX":[{"index":106,"x":0,"y":1},{"index":107,"x":749,"y":1}],"positionY":[]},"positionRelationType":0,"positionType":0,"rotateCenter":[{"x":375,"y":667}],"scale":{"scaleX":{"pointA":[{"index":106,"x":0,"y":1}],"pointB":[{"index":107,"x":749,"y":1}]},"scaleY":{"pointA":[],"pointB":[]}},"triggerDelay":0,"triggerLoop":0,"triggerStop":false,"triggerType":0,"width":750,"zPosition":3},"hats":{"enable":true,"frameCount":1,"height":418,"hotlink_enable":false,"position":{"positionX":[{"index":74,"x":201.07,"y":482.36},{"index":77,"x":434.05,"y":482.85}],"positionY":[]},"positionRelationType":1,"positionType":1,"rotateCenter":[{"index":46,"x":317.24,"y":597.12}],"scale":{"scaleX":{"pointA":[{"index":74,"x":201.07,"y":482.36}],"pointB":[{"index":77,"x":434.05,"y":482.85}]},"scaleY":{"pointA":[],"pointB":[]}},"triggerDelay":0,"triggerLoop":0,"triggerStop":false,"triggerType":0,"width":629,"zPosition":1},"scarf":{"enable":true,"frameCount":1,"height":331,"hotlink_enable":false,"position":{"positionX":[{"index":74,"x":265.52,"y":-264.10},{"index":77,"x":477.02,"y":-263.67}],"positionY":[]},"positionRelationType":1,"positionType":1,"rotateCenter":[{"index":46,"x":370.98,"y":-159.94}],"scale":{"scaleX":{"pointA":[{"index":74,"x":265.52,"y":-264.10}],"pointB":[{"index":77,"x":477.02,"y":-263.67}]},"scaleY":{"pointA":[],"pointB":[]}},"triggerDelay":0,"triggerLoop":0,"triggerStop":false,"triggerType":0,"width":658,"zPosition":2}},"stickerType":"2D","version":"1.1"}