{"newPartField":"3.0","parts":{"bg":{"allowDiscardFrame":false,"blendMode":0,"enable":true,"frameCount":34,"height":800,"hotlinkEnable":false,"position":{"positionX":[{"index":106,"x":-0.6,"y":-0.6},{"index":107,"x":450.6,"y":-0.6}],"positionY":[]},"positionRelationType":1,"positionType":65536,"rotateCenter":[{"x":225,"y":400}],"scale":{"scaleX":{"pointA":[{"index":106,"x":-0.6,"y":-0.6}],"pointB":[{"index":107,"x":450.6,"y":-0.6}]},"scaleY":{"pointA":[],"pointB":[]}},"stickerGroup":{"groupSize":1,"index":0},"targetFPS":25,"width":450,"zPosition":0}},"parts3d":{"cubeMapSubPath":"","lights":{"enable":true,"envLight":[0.212,0.227,0.259],"light0":{"diffuse":[1,1,1],"position":[0,6.37,6.85],"specular":[1,1,1]},"light1":{"diffuse":[0.5,0.5,0.5],"position":[-5.06,1.183,-3.35],"specular":[0.5,0.5,0.5]},"light2":{"diffuse":[0.5,0.5,0.5],"position":[4.57,1.5,-3.37],"specular":[0.5,0.5,0.5]}},"metaScenePath":"_metascene","modelList":[{"fileName":"_metascene/AR/glass04/glass_04.FBX","materialFile":"","name":"glass_04","positionType":1,"showupTrigger":{"displayFrames":0,"triggerDelay":0,"triggerStop":false,"triggerType":0},"textureSubPath":"_metascene/AR/glass04/tex","transformTrack":{"rotation":true,"scale":true,"translation":true},"zPosition":1}],"particleList":[],"skyboxMapSubPath":""},"stickerType":"2D","toolVersion":"Mac_2.2.0","totalMem":46.69,"transitions":{"Transition1":{"conditions":[{"preState":"","triggers":"H.background.appear"}],"randomShow":false,"targets":[{"delay":0,"fadingFrame":0,"lastingFrame":0,"loop":0,"targetPart":"bg","targetState":"playing"}]},"Transition2":{"conditions":[{"preState":"","triggers":"H.face.appear"}],"randomShow":false,"targets":[{"delay":0,"fadingFrame":0,"lastingFrame":0,"loop":0,"targetPart":"glass_04","targetState":"playing"}]}},"version":"3.0"}