{"faceMorph":{"canvasSize":[750,1334],"makeups":[{"enable":true,"imagePath":"__facemorph/jokerFace","imageScale":1,"name":"jokerFace","position":[0,0],"tag":"NONE","zPosition":0}]},"newPartField":"3.0","parts3d":{"cubeMapSubPath":"","lights":{"enable":true,"envLight":[0.212,0.227,0.259],"light0":{"diffuse":[1,1,1],"position":[0,6.37,6.85],"specular":[1,1,1]},"light1":{"diffuse":[0.5,0.5,0.5],"position":[-5.06,1.183,-3.35],"specular":[0.5,0.5,0.5]},"light2":{"diffuse":[0.5,0.5,0.5],"position":[4.57,1.5,-3.37],"specular":[0.5,0.5,0.5]}},"metaScenePath":"_metascene","modelList":[{"fileName":"_metascene/Models/joker_01/joker_01.FBX","materialFile":"","name":"joker_01","positionType":1,"showupTrigger":{"displayFrames":0,"triggerDelay":0,"triggerStop":false,"triggerType":0},"textureSubPath":"_metascene/Models/joker_01/tex","transformTrack":{"rotation":true,"scale":true,"translation":true},"zPosition":1}],"particleList":[],"skyboxMapSubPath":""},"stickerType":"faceMorph_3Dv2","totalMem":3.82,"transitions":{"Transition1":{"conditions":[{"preState":"","triggers":"H.face.appear"}],"randomShow":false,"targets":[{"delay":0,"fadingFrame":0,"lastingFrame":0,"loop":0,"targetPart":"jokerFace","targetState":"playing"},{"delay":0,"fadingFrame":0,"lastingFrame":0,"loop":0,"targetPart":"joker_01","targetState":"playing"}]}},"version":"3.0"}