{
  "version": "2.0",
  "stickerType": "3Dv2",
  "parts3d": {
    "metaScenePath": "_metascene",
    "modelList": [],
    "particleList": [
      {
        "name": "tools-lizi",
        "positionType": "HAND",
        "transformTrack": {
          "translation": true,
          "rotation": true,
          "scale": true
        },
        "showupTrigger": {
          "triggerType": 4096,
          "triggerDelay": 0,
          "displayFrames": 0,
          "triggerStop": true
        }
      }
    ],
    "lights": {
      "enable": true,
      "envLight": [
        0.2120,
        0.2270,
        0.2590
      ],
      "light0": {
        "position": [
          0.0,
          6.3700,
          6.8500
        ],
        "diffuse": [
          1.0,
          1.0,
          1.0
        ],
        "specular": [
          1.0,
          1.0,
          1.0
        ]
      },
      "light1": {
        "position": [
          -5.0600,
          1.1830,
          -3.3500
        ],
        "diffuse": [
          0.5,
          0.5,
          0.5
        ],
        "specular": [
          0.5,
          0.5,
          0.5
        ]
      },
      "light2": {
        "position": [
          4.5700,
          1.5,
          -3.3700
        ],
        "diffuse": [
          0.5,
          0.5,
          0.5
        ],
        "specular": [
          0.5,
          0.5,
          0.5
        ]
      }
    },
    "cubeMapSubPath": "",
    "skyboxMapSubPath": ""
  }
}