{"newPartField":"3.0","parts":{"bearda":{"allowDiscardFrame":false,"blendMode":0,"enable":true,"frameCount":1,"height":558,"hotlinkEnable":false,"position":{"positionX":[{"index":84,"x":109.76,"y":180.64},{"index":90,"x":373.75,"y":180.64}],"positionY":[]},"positionRelationType":1,"positionType":1,"rotateCenter":[{"index":46,"x":244.11,"y":-4.66}],"scale":{"scaleX":{"pointA":[{"index":84,"x":109.76,"y":180.64}],"pointB":[{"index":90,"x":373.75,"y":180.64}]},"scaleY":{"pointA":[],"pointB":[]}},"stickerGroup":{"groupSize":2,"index":0},"targetFPS":25,"width":484,"zPosition":0},"beardb":{"allowDiscardFrame":false,"blendMode":0,"enable":true,"frameCount":1,"height":171,"hotlinkEnable":false,"position":{"positionX":[{"index":84,"x":51.73,"y":152.25},{"index":90,"x":327.46,"y":152.25}],"positionY":[]},"positionRelationType":1,"positionType":1,"rotateCenter":[{"index":46,"x":192.05,"y":-41.29}],"scale":{"scaleX":{"pointA":[{"index":84,"x":51.73,"y":152.25}],"pointB":[{"index":90,"x":327.46,"y":152.25}]},"scaleY":{"pointA":[],"pointB":[]}},"stickerGroup":{"groupSize":2,"index":1},"targetFPS":25,"width":404,"zPosition":1},"glassesa":{"allowDiscardFrame":false,"blendMode":0,"enable":true,"frameCount":1,"height":254,"hotlinkEnable":false,"position":{"positionX":[{"index":74,"x":186.53,"y":152.89},{"index":77,"x":398.03,"y":153.33}],"positionY":[]},"positionRelationType":1,"positionType":1,"rotateCenter":[{"index":46,"x":291.99,"y":257.06}],"scale":{"scaleX":{"pointA":[{"index":74,"x":186.53,"y":152.89}],"pointB":[{"index":77,"x":398.03,"y":153.33}]},"scaleY":{"pointA":[],"pointB":[]}},"stickerGroup":{"groupSize":2,"index":0},"targetFPS":25,"width":594,"zPosition":2},"glassesb":{"allowDiscardFrame":false,"blendMode":0,"enable":true,"frameCount":1,"height":233,"hotlinkEnable":false,"position":{"positionX":[{"index":74,"x":194.53,"y":134.89},{"index":77,"x":406.03,"y":135.33}],"positionY":[]},"positionRelationType":1,"positionType":1,"rotateCenter":[{"index":46,"x":299.99,"y":239.06}],"scale":{"scaleX":{"pointA":[{"index":74,"x":194.53,"y":134.89}],"pointB":[{"index":77,"x":406.03,"y":135.33}]},"scaleY":{"pointA":[],"pointB":[]}},"stickerGroup":{"groupSize":2,"index":1},"targetFPS":25,"width":601,"zPosition":3},"hata":{"allowDiscardFrame":false,"blendMode":0,"enable":true,"frameCount":1,"height":451,"hotlinkEnable":false,"position":{"positionX":[{"index":74,"x":205.53,"y":431.89},{"index":77,"x":417.03,"y":432.33}],"positionY":[]},"positionRelationType":1,"positionType":1,"rotateCenter":[{"index":46,"x":310.99,"y":536.06}],"scale":{"scaleX":{"pointA":[{"index":74,"x":205.53,"y":431.89}],"pointB":[{"index":77,"x":417.03,"y":432.33}]},"scaleY":{"pointA":[],"pointB":[]}},"stickerGroup":{"groupSize":2,"index":0},"targetFPS":25,"width":717,"zPosition":4},"hatb":{"allowDiscardFrame":false,"blendMode":0,"enable":true,"frameCount":1,"height":421,"hotlinkEnable":false,"position":{"positionX":[{"index":74,"x":227.53,"y":576.89},{"index":77,"x":439.03,"y":577.33}],"positionY":[]},"positionRelationType":1,"positionType":1,"rotateCenter":[{"index":46,"x":332.99,"y":681.06}],"scale":{"scaleX":{"pointA":[{"index":74,"x":227.53,"y":576.89}],"pointB":[{"index":77,"x":439.03,"y":577.33}]},"scaleY":{"pointA":[],"pointB":[]}},"stickerGroup":{"groupSize":2,"index":1},"targetFPS":25,"width":661,"zPosition":5},"qianjing":{"allowDiscardFrame":false,"blendMode":0,"enable":true,"frameCount":20,"height":1334,"hotlinkEnable":false,"position":{"positionX":[{"index":106,"x":-1,"y":2},{"index":107,"x":749,"y":2}],"positionY":[]},"positionRelationType":1,"positionType":0,"rotateCenter":[{"x":375,"y":667}],"scale":{"scaleX":{"pointA":[{"index":106,"x":-1,"y":2}],"pointB":[{"index":107,"x":749,"y":2}]},"scaleY":{"pointA":[],"pointB":[]}},"stickerGroup":{"groupSize":1,"index":0},"targetFPS":25,"width":750,"zPosition":6}},"stickerType":"2D","toolVersion":"Win_2.2.0","totalMem":81.03,"transitions":{"Transition1":{"conditions":[{"preState":"","triggers":"H.face.appear"}],"randomShow":false,"targets":[{"delay":0,"fadingFrame":0,"lastingFrame":0,"loop":0,"targetPart":"bearda","targetState":"playing"},{"delay":0,"fadingFrame":0,"lastingFrame":0,"loop":0,"targetPart":"beardb","targetState":"playing"},{"delay":0,"fadingFrame":0,"lastingFrame":0,"loop":0,"targetPart":"glassesa","targetState":"playing"},{"delay":0,"fadingFrame":0,"lastingFrame":0,"loop":0,"targetPart":"glassesb","targetState":"playing"},{"delay":0,"fadingFrame":0,"lastingFrame":0,"loop":0,"targetPart":"hata","targetState":"playing"},{"delay":0,"fadingFrame":0,"lastingFrame":0,"loop":0,"targetPart":"hatb","targetState":"playing"}]},"Transition2":{"conditions":[{"preState":"","triggers":"H.front.appear"}],"randomShow":false,"targets":[{"delay":0,"fadingFrame":0,"lastingFrame":0,"loop":0,"targetPart":"qianjing","targetState":"playing"}]}},"version":"3.0"}