{"newPartField":"3.0","parts":{"a":{"allowDiscardFrame":false,"blendMode":0,"enable":true,"frameCount":1,"height":1334,"hotlinkEnable":false,"position":{"positionX":[{"index":106,"x":1,"y":2},{"index":107,"x":751,"y":2}],"positionY":[]},"positionRelationType":1,"positionType":0,"rotateCenter":[{"x":375,"y":667}],"scale":{"scaleX":{"pointA":[{"index":106,"x":1,"y":2}],"pointB":[{"index":107,"x":751,"y":2}]},"scaleY":{"pointA":[],"pointB":[]}},"targetFPS":25,"width":750,"zPosition":0},"raina":{"allowDiscardFrame":false,"blendMode":0,"enable":true,"frameCount":40,"height":1334,"hotlinkEnable":false,"position":{"positionX":[{"index":106,"x":-1,"y":1},{"index":107,"x":749,"y":1}],"positionY":[]},"positionRelationType":1,"positionType":0,"rotateCenter":[{"x":375,"y":667}],"scale":{"scaleX":{"pointA":[{"index":106,"x":-1,"y":1}],"pointB":[{"index":107,"x":749,"y":1}]},"scaleY":{"pointA":[],"pointB":[]}},"targetFPS":25,"width":750,"zPosition":1},"rainb":{"allowDiscardFrame":false,"blendMode":0,"enable":true,"frameCount":1,"height":1649,"hotlinkEnable":false,"position":{"positionX":[{"index":110,"x":205,"y":950},{"index":111,"x":545,"y":950}],"positionY":[]},"positionRelationType":1,"positionType":4096,"rotateCenter":[{"x":602,"y":824.5}],"scale":{"scaleX":{"pointA":[{"index":110,"x":205,"y":950}],"pointB":[{"index":111,"x":545,"y":950}]},"scaleY":{"pointA":[],"pointB":[]}},"targetFPS":25,"width":1204,"zPosition":2}},"stickerType":"2D","totalMem":164.05,"transitions":{"Transition1":{"conditions":[{"preState":"","triggers":"H.front.appear"}],"randomShow":false,"targets":[{"delay":0,"fadingFrame":0,"lastingFrame":0,"loop":0,"targetPart":"a","targetState":"playing"}]},"Transition2":{"conditions":[{"preState":"rainb.invisible","triggers":"H.face.appear"}],"randomShow":false,"targets":[{"delay":0,"fadingFrame":0,"lastingFrame":0,"loop":0,"targetPart":"raina","targetState":"playing"}]},"Transition3":{"conditions":[{"preState":"","triggers":"H.hand_palm.appear"}],"randomShow":false,"targets":[{"delay":0,"fadingFrame":0,"lastingFrame":0,"loop":0,"targetPart":"rainb","targetState":"playing"},{"delay":0,"fadingFrame":0,"lastingFrame":0,"loop":0,"targetPart":"raina","targetState":"invisible"}]},"Transition4":{"conditions":[{"preState":"","triggers":"H.hand_palm.disappear"}],"randomShow":false,"targets":[{"delay":0,"fadingFrame":0,"lastingFrame":0,"loop":0,"targetPart":"rainb","targetState":"invisible"},{"delay":0,"fadingFrame":0,"lastingFrame":0,"loop":0,"targetPart":"raina","targetState":"playing"}]}},"version":"3.0"}