{"faceMorph":{"allowDiscardFrame":false,"canvasSize":[750,1334],"makeups":[{"enable":true,"imagePath":"__facemorph/fa","imageScale":1,"name":"fa","position":[0,0],"tag":"NONE","zPosition":3},{"enable":true,"imagePath":"__facemorph/fb","imageScale":1,"name":"fb","position":[0,0],"tag":"NONE","zPosition":2},{"enable":true,"imagePath":"__facemorph/fc","imageScale":1,"name":"fc","position":[0,0],"tag":"NONE","zPosition":1},{"enable":true,"imagePath":"__facemorph/fe","imageScale":1,"name":"fe","position":[0,0],"tag":"NONE","zPosition":0}],"targetFPS":25},"newPartField":"3.0","stickerType":"faceMorph","toolVersion":"Win_2.2.0","totalMem":15.27,"transitions":{"Transition1":{"conditions":[{"preState":"","triggers":"H.face.appear"}],"randomShow":false,"targets":[{"delay":0,"fadingFrame":0,"lastingFrame":0,"loop":0,"targetPart":"fa","targetState":"playing"}]},"Transition2":{"conditions":[{"preState":"fa.playing","triggers":"H.head_pitch.appear"}],"randomShow":false,"targets":[{"delay":0,"fadingFrame":0,"lastingFrame":0,"loop":0,"targetPart":"fb","targetState":"playing"},{"delay":0,"fadingFrame":0,"lastingFrame":0,"loop":0,"targetPart":"fa","targetState":"invisible"}]},"Transition3":{"conditions":[{"preState":"fb.playing","triggers":"H.head_pitch.appear"}],"randomShow":false,"targets":[{"delay":0,"fadingFrame":0,"lastingFrame":0,"loop":0,"targetPart":"fc","targetState":"playing"},{"delay":0,"fadingFrame":0,"lastingFrame":0,"loop":0,"targetPart":"fb","targetState":"invisible"}]},"Transition6":{"conditions":[{"preState":"fc.playing","triggers":"H.head_pitch.appear"}],"randomShow":false,"targets":[{"delay":0,"fadingFrame":0,"lastingFrame":0,"loop":0,"targetPart":"fe","targetState":"playing"},{"delay":0,"fadingFrame":0,"lastingFrame":0,"loop":0,"targetPart":"fc","targetState":"invisible"}]},"Transition7":{"conditions":[{"preState":"fe.playing","triggers":"H.head_pitch.appear"}],"randomShow":false,"targets":[{"delay":0,"fadingFrame":0,"lastingFrame":0,"loop":0,"targetPart":"fa","targetState":"playing"},{"delay":0,"fadingFrame":0,"lastingFrame":0,"loop":0,"targetPart":"fe","targetState":"invisible"}]}},"version":"3.0"}